identifier,TestId,ESVId,sequence,Kingdom,Phylum,Class,Order,Family,Genus,Species,% match,# species,S090085.1,S090084.1,S090083.1,S090082.1,S090081.1,S090080.1,S090079.1,S090078.1,S090076.1,S090075.1,S090074.1,S090073.1,S090071.1,S090070.1,S090068.1,S090067.1,S090066.1,S090065.1,S090064.1,S088693.1,S088692.1,S088691.1,S088690.1,S088689.1,S088688.1,S088687.1,S088686.1,S088685.1,S088684.1,S088683.1,S088682.1,S088681.1,S088680.1,S088679.1,S088678.1,S088677.1,S088676.1,S088675.1,S088674.1,S088673.1,S088672.1,S088671.1,S088670.1,S088669.1,S088668.1,S088667.1,S088666.1,S088665.1,S088664.1,S088663.1,S088662.1,S088661.1,S088660.1,S088659.1,S088657.1,S088656.1,S088655.1,S088654.1,S088653.1,S088652.1,S088651.1,S088650.1,S088649.1,S088648.1,S088647.1,S088646.1,S088645.1,S088644.1,S088643.1,S088642.1,S088641.1,S088640.1,S088639.1,S088638.1,S088636.1,S088635.1,S088634.1,S088632.1,S088631.1,S088630.1,S088629.1,S088628.1,S088627.1,S088626.1,S088625.1,S088624.1,S088623.1,S088622.1,S088621.1,S088618.1,S088617.1,S088616.1,S088615.1,S088614.1,S088611.1,S088610.1,S088609.1,S088608.1,S088607.1,S088606.1,S088605.1,S088604.1,S088603.1,S088602.1,S088601.1,S088658.0,S090077.0,S090072.0,S090069.0,S088637.0,S088633.0,S088620.0,S088619.0,S088613.0,S088612.0
7,trnL,ESV_000267,GACTTAATTGGATTGAGCCTTGGTATGGAAACCTACCAAGTGATAACTTTCAAATTCAGAGAAACCCTGGAATTAACAATGGGCAATCCTGAGCCAAATCCTGTTTTCCGAAAACCAAGAAGAGTTCAGAAAGGGAGAATCAAAATAAAAAAAG,Eukaryota,Streptophyta,Magnoliopsida,Fabales,Fabaceae,Desmanthus,Desmanthus bicornutus,100,1,0,0,0,0,0,0,0,7055,0,0,0,0,0,0,0,0,0,0,0,0,0,0,0,0,0,0,0,0,0,0,0,0,0,0,0,0,0,0,0,0,0,0,0,0,0,0,22848,0,0,0,0,0,0,0,0,0,0,0,0,0,0,0,0,0,0,0,0,0,0,0,0,0,0,0,0,0,0,0,0,0,0,0,0,0,0,2645,0,505,0,0,0,0,0,0,0,0,0,89,0,0,0,0,0,3275,0,0,0,0,0,0,0,0,0,0,0
16,trnL,ESV_003140,GACTTAATTGGATTGAGCCTTGGTATGGAAACCTACCAAGTGATAACTTTCAAATTCAGAGAAACCCTGGAATTAACAATGGGCAATCCTGAGCCAAATCCTGTTTTCCGAAAACCAAGAAGAGTTCAGAAAGGGAGAATAAAATCAAAAAAG,Eukaryota,Streptophyta,Magnoliopsida,Fabales,Fabaceae,Acacia,Acacia boliviana,100,1,0,0,0,0,0,0,0,0,0,0,0,0,0,0,0,10758,0,0,0,0,0,0,0,0,0,0,0,0,0,0,0,0,0,0,0,0,0,0,0,0,0,0,0,0,0,0,0,0,0,0,0,0,0,0,0,0,0,0,0,0,0,0,0,0,0,0,0,0,0,0,0,0,0,0,0,0,0,0,0,0,0,0,0,0,0,0,0,0,0,0,0,0,0,0,0,0,0,0,0,0,0,0,0,0,0,0,0,0,0,0,0,0,0,0,0
25,trnL,ESV_000002,GACTTAATTGGATTGAGCCTTGGTATGGAAACTTACCAAGTGAGAACTTTCAAATTCAGAGAAACCCTGGAATTAAAAATGGGCAATCCTGAGCCAAATCCTGTTTTATGAAAACAAACAAGGGTTTCAGAAAGCGCGAATAAAAAGG,Eukaryota,Streptophyta,Magnoliopsida,Rosales,Rosaceae,Cercocarpus,Cercocarpus montanus,100,1,0,0,0,0,0,0,0,0,0,0,0,0,0,0,0,0,0,0,0,0,0,0,0,0,0,0,0,0,0,0,0,0,0,0,0,0,0,0,0,0,0,0,0,0,0,0,0,0,0,0,2899,0,0,0,0,0,0,0,0,0,0,0,0,0,0,0,0,0,0,0,0,0,0,0,0,0,0,0,0,0,0,0,0,0,0,0,0,0,0,0,0,0,0,0,0,0,0,0,0,0,0,0,0,0,2930,0,0,0,0,0,0,0,0,0,0
43,trnL,ESV_004392,GACTTAATTGGATTGAGCCTTGGTATGGAAACTTACCAAGTGAAAACTTTCAAATTCAGAGAAACCCTGGAATTCAAAATGGGCAATCCTGAGCCAAATCCTTCTTTCCGAAAACAAAAAAAGAAAAGTTCAGAAAGTGAAAATCAAAAAAG,Eukaryota,Streptophyta,Magnoliopsida,Fabales,Fabaceae,Vicia,Vicia bungei,100,1,0,0,0,663,0,0,0,0,0,0,0,0,0,0,0,0,0,0,0,0,0,0,0,0,0,0,0,0,0,0,0,0,0,0,0,0,0,0,0,0,0,0,0,0,0,0,0,0,0,0,0,2542,0,0,0,0,0,0,0,0,0,0,0,0,0,0,0,0,0,0,0,0,0,0,0,0,0,0,0,0,0,0,0,0,0,0,0,0,0,0,0,0,0,0,0,0,0,57,0,0,0,0,0,0,0,0,0,0,0,0,0,0,0,0,0
45,trnL,ESV_105476,GACTTAAACTTTTGAGCCTTAGTAGAAAAATTTACTAACTGTTAGTTTCCAGATTCAGGAAAATTTAAGTTGAAAAAATTATAAGTAATCCTGAGCCAAATTTTTTTTATCTTAAAAAAA,Eukaryota,Streptophyta,Bryopsida,Splachnales,Splachnaceae,Splachnum,Splachnum sphaericum,100,1,0,0,0,0,0,0,0,0,0,0,0,0,0,0,0,0,0,0,0,0,0,0,0,0,0,0,0,0,0,0,0,0,0,0,0,0,0,0,0,0,0,0,0,0,0,0,0,0,0,0,0,0,0,0,0,3040,0,0,0,0,0,0,0,0,0,0,0,0,0,0,0,0,0,0,0,0,0,0,0,0,0,0,0,0,0,0,0,0,0,0,0,0,0,0,0,0,0,0,0,0,0,0,0,0,0,0,0,0,0,0,0,0,0,0,0
50,trnL,ESV_001296,GACTTGATTGGATTGAGCCTTAGTATGGAAACCTGCTAAGTGAAAACTTCCAAATTCAGAGAAACCCTGGAACTAAAAATGGGCAATCCTGAGCCAAATCTTTATTTTTTGAAAAACAAGGTTTTAAAAAATAGAATAAAAAGG,Eukaryota,Streptophyta,Magnoliopsida,Asparagales,Amaryllidaceae,Allium,Allium sativum,100,1,0,0,0,0,0,0,0,0,0,0,0,0,0,0,0,0,0,0,0,0,0,0,0,0,0,0,0,0,0,0,0,0,0,0,0,0,0,0,0,0,0,0,0,0,0,2931,0,0,0,0,0,0,0,0,0,0,0,0,0,0,0,0,0,0,0,0,0,0,0,0,0,0,0,0,0,0,0,0,0,0,0,0,0,0,0,0,0,0,0,0,0,0,0,0,0,0,0,0,0,0,0,0,0,0,0,0,0,0,0,0,0,0,0,0,0
56,trnL,ESV_190772,GACTTAATTGGATTGAGCCTTGGTATGGAAACTTACCAAGTGAAAACTTTCAAATTCAGAGAAACCCTGAAATTCAAAATGGGCAATCCTGAGCCAAATCCTTCTTTCCGAAAACAAAAAAAGAAAAGTTCAGAAAGTGAAAATCAAAAAAG,Eukaryota,Streptophyta,Magnoliopsida,Fabales,Fabaceae,Vicia,Vicia bungei,99.3,1,0,0,0,0,0,0,0,0,0,0,0,0,0,0,0,0,0,0,0,0,0,0,0,0,0,0,0,0,0,0,0,0,0,0,0,0,0,0,0,0,0,0,0,0,0,0,0,0,0,0,0,0,0,0,0,0,0,0,0,0,0,0,0,0,0,0,0,0,0,0,2364,0,0,0,0,0,0,0,0,0,0,0,0,0,0,0,0,0,0,0,0,0,0,0,0,0,0,0,0,0,0,0,0,0,0,0,0,0,0,0,0,0,0,0,0
78,trnL,ESV_190718,GACTTAATTGGATTGAGCCTTGGTATGGAAACTTACCAAGTGAAAACTTTCAAATTCAGAGAAACCCTGGAATTCAAAATGGGCAATCCTGAGCCAAATCCTTCTTTCCGAAAACAAAAAAAGACAAGTTCAGAAAGTGAAAATCAAAAAAG,Eukaryota,Streptophyta,Magnoliopsida,Fabales,Fabaceae,Vicia,Vicia bungei,99.3,1,0,0,0,0,0,0,0,0,0,0,0,0,0,0,0,0,0,0,0,0,0,0,0,0,0,0,0,0,0,0,0,0,0,0,0,0,0,0,0,0,0,0,0,0,0,0,0,0,0,0,0,0,0,0,0,0,0,0,0,0,0,0,0,0,0,0,0,0,0,0,0,0,0,0,0,0,0,0,0,0,0,0,0,0,0,1691,0,0,0,0,0,0,0,0,0,0,0,0,0,0,0,0,0,0,0,0,0,0,0,0,0,0,0,0,0
80,trnL,ESV_071748,GACTTGATTGGATTGAGCCTTGGTATGGAAACATACTAAGTGATAACTTTCAAATTCAGAGAAACCCTGGAATTAAAAATGGGCAATCCTGAGCCAAATCCTGTTTTTATAAAACAAATCAAAATCAAATAAAGGGTTCAGAAAGCAAGAATAAAAAAG,Eukaryota,Streptophyta,Magnoliopsida,Ranunculales,Ranunculaceae,Aconitum,Aconitum delphiniifolium,100,1,0,0,0,0,0,0,0,0,0,0,0,0,0,0,0,0,0,0,0,0,0,0,0,0,0,0,0,0,0,0,0,0,0,0,0,0,0,0,0,0,0,0,0,0,0,0,0,1653,0,0,0,0,0,0,0,0,0,0,0,0,0,0,0,0,0,0,0,0,0,0,0,0,0,0,0,0,0,0,0,0,0,0,0,0,0,0,0,0,0,0,0,0,0,0,0,0,0,0,0,0,0,0,0,0,0,0,0,0,0,0,0,0,0,0,0
84,trnL,ESV_000012,GACTTAATTGAATTGAGCCTTGGTATGGAAACCTACTAAGTGACAACTTTCAAATTCAGAGAAACCCGGGAATTAAAAATGGGCAATCCTGAGCCAAATCCTATTTTACGAAAACCAACACCGGGGGGTTAGAAAGCGATAAAAAAAAAAG,Eukaryota,Streptophyta,Magnoliopsida,Myrtales,Onagraceae,Chamaenerion,Chamaenerion angustifolium,100,1,0,0,0,0,0,0,0,0,0,0,0,0,0,0,0,0,823,0,0,0,0,0,0,0,0,0,0,0,0,0,0,0,0,0,0,0,0,0,0,0,0,0,0,0,0,0,0,0,0,0,0,0,0,0,0,0,0,0,0,0,0,0,0,0,0,0,0,0,0,0,0,0,0,0,0,0,0,0,0,0,0,0,0,0,0,0,0,0,0,0,0,0,0,808,0,0,0,0,0,0,0,0,0,0,0,0,0,0,0,0,0,0,0,0,0
87,trnL,ESV_000580,GACTTAATTGGATTGAGCCTTGGTATGGAAACTTACTAAGTGATAACTTTCAAATTCAGAGAAACCCTGGAATTAATCAAAATGGGCAATCCTGAGCCAAATCACGTTTTCCGAAAACAAACAAAGGTTCAGGAAGCGAAAAGAAAAAAG,Eukaryota,Streptophyta,Magnoliopsida,Asterales,Asteraceae,Tetraneuris,Tetraneuris acaulis,100,1,0,0,0,0,0,0,0,0,0,0,0,0,0,0,0,0,0,0,0,0,0,0,0,0,0,0,0,0,0,0,0,0,0,0,0,0,0,703,0,0,0,0,0,0,0,0,0,0,0,0,0,0,0,0,0,0,0,0,0,0,0,0,0,0,0,0,0,0,0,0,0,0,0,0,0,0,0,0,0,0,0,859,0,0,0,0,0,0,0,0,0,0,0,0,0,0,0,0,0,0,0,0,0,0,0,0,0,0,0,0,0,0,0,0,0
89,trnL,ESV_191048,GACTTAATTGGATTGAGCCTTGGTATGGAAACTTACCAAGTGAAAACTTTCAAATTCAGAGAAACCCTGGAATTCAAAATGGGCAATCCTGAGCCAAATCCTTCTTACCGAAAACAAAAAAAGAAAAGTTCAGAAAGTGAAAATCAAAAAAG,Eukaryota,Streptophyta,Magnoliopsida,Fabales,Fabaceae,Vicia,Vicia bungei,99.3,1,0,0,0,1488,0,0,0,0,0,0,0,0,0,0,0,0,0,0,0,0,0,0,0,0,0,0,0,0,0,0,0,0,0,0,0,0,0,0,0,0,0,0,0,0,0,0,0,0,0,0,0,0,0,0,0,0,0,0,0,0,0,0,0,0,0,0,0,0,0,0,0,0,0,0,0,0,0,0,0,0,0,0,0,0,0,0,0,0,0,0,0,0,0,0,0,0,0,0,0,0,0,0,0,0,0,0,0,0,0,0,0,0,0,0,0
91,trnL,ESV_191027,GACTTAATTGGATTGAGCCTTGGTATGGAAACCTACTAAGTGACAACTTTCAAATTCAGAGAAACCCGGGAATTAGAAATGGGCAATCCTGAGCCAAATCCTATTTTACGAAAACCAACACCGGGGGGGTTAGAAAGCGAGAAAAAAGAAG,Eukaryota,Streptophyta,Magnoliopsida,Myrtales,Onagraceae,Chamaenerion,Chamaenerion latifolium,99.3,1,0,0,0,0,0,0,0,0,0,0,0,1412,0,0,0,0,0,0,0,0,0,0,0,0,0,0,0,0,0,0,0,0,0,0,0,0,0,0,0,0,0,0,0,0,0,0,0,0,0,0,0,0,0,0,0,0,0,0,0,0,0,0,0,0,0,0,0,0,0,0,0,0,0,0,0,0,0,0,0,0,0,0,0,0,0,0,0,0,0,0,0,0,0,0,0,0,0,0,0,0,0,0,0,0,0,0,0,0,0,0,0,0,0,0,0
94,trnL,ESV_110505,GACTTAATTGGATTGAGCCTTGGTATGGAAACTTACCAAGTGAAAACTTTCAAATTCAGAGAAACCCTGGAATTCAAAATGGGCAATCCTGAGCCAAATCCTTCTTTCCGAAAACAAAAAAAGAAGAGTTCAGAAAGTGAAAATCAAAAAAG,Eukaryota,Streptophyta,Magnoliopsida,Fabales,Fabaceae,Vicia,Vicia bungei,99.3,1,1341,0,0,0,0,0,0,0,0,0,0,0,0,0,0,0,0,0,0,0,0,0,0,0,0,0,0,0,0,0,0,0,0,0,0,0,0,0,0,0,0,0,0,0,0,0,0,0,0,0,0,0,0,0,0,0,0,0,0,0,0,0,0,0,0,0,0,0,0,0,0,0,0,0,0,0,0,0,0,0,0,0,0,0,0,0,0,0,0,0,0,0,0,0,0,0,0,0,0,0,0,0,0,0,0,0,0,0,0,0,0,0,0,0,0
108,trnL,ESV_000827,GACTTAATTGGATTGAGCCTTGGTATGGAAACCTACTAAGTGATAACTTTCAAATTCAGAGAAACCCTGGAATGAAAAATGGGCAATCCTGAGCCAAATCCTATTATTTTACGAAAATAAACATAAACAAAGGTTCAGCAAGCGAGAATAATAAAAAAGGAAAG,Eukaryota,Streptophyta,Magnoliopsida,Malvales,Malvaceae,Hibiscus,Hibiscus calyphyllus,100,1,0,0,0,0,0,0,0,0,0,0,0,0,0,0,0,0,0,0,0,0,0,0,0,0,0,0,0,0,0,0,0,0,0,0,0,0,0,0,0,0,0,0,0,0,0,0,0,1004,0,0,0,0,0,0,0,0,0,0,0,0,0,0,0,0,0,0,0,0,0,0,0,0,0,0,0,0,0,0,0,0,0,0,0,0,0,0,0,0,0,0,0,0,0,0,0,0,0,0,0,0,0,0,0,0,0,0,0,0,0,0,0,0,0,0,0
123,trnL,ESV_005795,GACTTAATTGGATTGAGCCTTGGTAGGGAAACCTACTAAGTGATAACTTTCAAATTCAGAGAAACCCTGGAATTAATAAAAATGGGTAATCCTGAGCCAAATCCTGTTTTTGGAAAACAAATCCAAATAAAGATTCCGAAACCCAAAATAGAAAAAG,Eukaryota,Streptophyta,Magnoliopsida,Ericales,Balsaminaceae,Impatiens,Impatiens noli-tangere,100,1,0,0,0,0,0,0,0,0,0,804,0,0,0,0,0,0,0,0,0,0,0,0,0,0,0,0,0,0,0,0,0,0,0,0,0,0,0,0,0,0,0,0,0,0,0,0,0,0,0,0,0,0,0,0,0,0,0,0,0,0,0,0,0,0,0,0,0,0,0,0,0,0,0,0,0,0,0,0,0,0,0,0,0,0,0,0,0,0,0,0,0,0,0,0,0,0,0,0,0,0,0,0,0,0,0,0,0,0,0,0,0,0,0,0,0
131,trnL,ESV_190686,GACTTAATTGAATTGAGCCTTGGTATGGAAACCTACTAAGTGACAACTTTCAAATTCAGAGAAACCCGGGAATTAAAAATGGGCAATCCTGAGCCAAATCCTATTTTACGAAAACCAACACCGGGGGGTTAGAAAGCGATAAAAAAAAAGG,Eukaryota,Streptophyta,Magnoliopsida,Myrtales,Onagraceae,Chamaenerion,Chamaenerion angustifolium,99.3,1,0,0,0,0,0,0,0,0,0,0,0,0,0,0,0,0,0,0,0,0,0,0,0,0,0,0,0,0,0,0,0,0,0,0,0,0,0,0,0,0,0,0,0,0,0,0,0,0,0,0,0,0,0,0,0,0,0,0,0,0,0,0,0,0,0,0,0,0,0,0,0,0,0,0,0,0,0,0,0,0,0,0,0,0,0,0,0,0,0,0,0,0,0,0,757,0,0,0,0,0,0,0,0,0,0,0,0,0,0,0,0,0,0,0,0
132,trnL,ESV_030647,GACTTGATCGAATTGAGCCTTGGTATGGAAACCTACCAGGTGATAGCTTCCAAATCCAGGGAACCCTGGGATATTTTGAATGGGTAATCCTGAGCCAAATCCGGTTCATGAAGACAATGTTTCTTCTCCTAAGATAGGAAGGG,Eukaryota,Streptophyta,Pinopsida,Pinales,Pinaceae,Pinus,Pinus nelsonii,100,1,0,0,0,0,0,0,0,0,0,0,0,0,0,0,0,0,0,0,0,0,0,0,0,0,0,0,0,0,0,0,0,0,0,0,0,0,0,0,0,0,0,0,0,0,0,0,0,0,0,0,0,0,0,0,0,0,0,0,0,0,0,0,0,0,0,0,0,0,0,0,0,753,0,0,0,0,0,0,0,0,0,0,0,0,0,0,0,0,0,0,0,0,0,0,0,0,0,0,0,0,0,0,0,0,0,0,0,0,0,0,0,0,0,0,0
135,trnL,ESV_015289,GACTTAAATAATTTGAGCTTTAGTAGAAAAACTTACTAAATGCTAGCTTTCAGATTCAGGGAAACTTAGGTTGAAAAAAGTATAAGCAATCCTGAGCCAAATTTTATTTCATTTAAAAATAA,Eukaryota,Streptophyta,Bryopsida,Splachnales,Splachnaceae,Tetraplodon,Tetraplodon mnioides,100,1,0,0,0,0,0,0,0,0,0,0,0,0,0,0,0,0,0,0,0,0,0,0,0,0,0,0,0,0,0,0,0,0,0,0,0,0,0,737,0,0,0,0,0,0,0,0,0,0,0,0,0,0,0,0,0,0,0,0,0,0,0,0,0,0,0,0,0,0,0,0,0,0,0,0,0,0,0,0,0,0,0,0,0,0,0,0,0,0,0,0,0,0,0,0,0,0,0,0,0,0,0,0,0,0,0,0,0,0,0,0,0,0,0,0,0
148,trnL,ESV_008824,GACTTAATTGAATTGAGCCTTGGTATGGAAACCTACTAAGTGACAACTTTCAAATTCAGAGAAACCCGGGAATTAAAAATGGGCAATCCTGAGCCAAATCCTATTTTACGGAAACCAACACCGGGGGGTTAGAAAGCGATAAAAAAAAAAG,Eukaryota,Streptophyta,Magnoliopsida,Myrtales,Onagraceae,Chamaenerion,Chamaenerion angustifolium,99.3,1,0,0,0,0,0,0,0,0,0,0,0,0,0,0,0,0,0,0,0,0,0,0,0,0,0,0,0,0,0,0,0,0,0,0,0,0,0,0,0,0,0,0,0,0,0,0,0,0,0,0,0,0,0,0,0,0,0,0,0,0,0,0,0,0,0,0,0,0,0,0,0,0,0,0,0,0,616,0,0,0,0,0,0,0,0,0,0,0,0,0,0,0,0,0,0,0,0,0,0,0,0,0,0,0,0,0,0,0,0,0,0,0,0,0,0
149,trnL,ESV_075079,GACTTAATTGGATTGAGCCTTGGTATGGAAACCTACGAAGTGACAACTTTCAAATTCAGAGAAACCCGGGAATAAAAAATGGGCAATCCTGAGCCAAATCCTATTTTACGAAAACCAACACCGGGGGTTTAGAAAACGAGAAAAAAAG,Eukaryota,Streptophyta,Magnoliopsida,Myrtales,Onagraceae,Oenothera,Oenothera curtiflora,99.3,1,0,0,0,0,0,0,0,0,0,0,0,0,0,0,0,0,0,0,0,0,0,0,0,0,0,0,0,0,0,0,0,0,0,0,0,0,0,0,0,0,0,0,0,0,0,0,0,0,0,0,0,0,0,0,0,0,0,593,0,0,0,0,0,0,0,0,0,0,0,0,0,0,0,0,0,0,0,0,0,0,0,0,0,0,0,0,0,0,0,0,0,0,0,0,0,0,0,0,0,0,0,0,0,0,0,0,0,0,0,0,0,0,0,0,0
154,trnL,ESV_087660,AACTTAATTGGATTGAGCCTTGGTATGGAAACTTACTAAGTGATAACTTTCAAATTCAAAGAAACCCTGGAATTAATAAAAATGGGCAATCCTGAGCCAAATCACGTTTTCCGAAAACAAACAAAGGTTCAGAAAGCGAAAATAAAAAAG,Eukaryota,Streptophyta,Magnoliopsida,Asterales,Asteraceae,Taraxacum,Taraxacum officinale,99.3,1,0,0,0,0,0,0,0,0,0,0,0,0,0,0,0,0,0,0,0,0,0,0,0,0,0,0,0,0,0,0,0,0,0,0,0,0,0,0,0,0,0,0,0,0,0,0,0,0,0,0,0,0,0,0,0,0,0,0,0,0,0,0,0,0,0,0,0,0,564,0,0,0,0,0,0,0,0,0,0,0,0,0,0,0,0,0,0,0,0,0,0,0,0,0,0,0,0,0,0,0,0,0,0,0,0,0,0,0,0,0,0,0,0,0,0
164,trnL,ESV_190959,GACTTAATTGGATTGAGCCTTGGTATGGAAACTTACCAAGTGAAAACTTTCAAGTTCAGAGAAACCCTGGAATTCAAAATGGGCAATCCTGAGCCAAATCCTTCTTTCCGAAAACAAAAAAGGAAAAGTTCAGAAAGTGAAAATCAAAAAAG,Eukaryota,Streptophyta,Magnoliopsida,Fabales,Fabaceae,Vicia,Vicia bungei,98.7,1,0,0,0,0,0,0,0,0,0,0,0,0,0,0,0,0,0,0,0,0,0,0,0,0,0,0,463,0,0,0,0,0,0,0,0,0,0,0,0,0,0,0,0,0,0,0,0,0,0,0,0,0,0,0,0,0,0,0,0,0,0,0,0,0,0,0,0,0,0,0,0,0,0,0,0,0,0,0,0,0,0,0,0,0,0,0,0,0,0,0,0,0,0,0,0,0,0,0,0,0,0,0,0,0,0,0,0,0,0,0,0,0,0,0,0
165,trnL,ESV_191070,GACTTAATTGGATTGAGCCTTGGTATGGAAACTTACCAAGTGAAAACTTTCAAATTCAGAGAAACCCTGGAATTCAAAATGGGCAATCATGAGCCAAATCCTTCTTTCCGAAAACAAAAAAAGAAGAGTTCAGAAAGTGAAAATCAAAAAAG,Eukaryota,Streptophyta,Magnoliopsida,Fabales,Fabaceae,Vicia,Vicia bungei,98.7,1,443,0,0,0,0,0,0,0,0,0,0,0,0,0,0,0,0,0,0,0,0,0,0,0,0,0,0,0,0,0,0,0,0,0,0,0,0,0,0,0,0,0,0,0,0,0,0,0,0,0,0,0,0,0,0,0,0,0,0,0,0,0,0,0,0,0,0,0,0,0,0,0,0,0,0,0,0,0,0,0,0,0,0,0,0,0,0,0,0,0,0,0,0,0,0,0,0,0,0,0,0,0,0,0,0,0,0,0,0,0,0,0,0,0,0
167,trnL,ESV_190712,GACTTAATTGGGTTGAGCCTTGGTATGGAAACTTACCAAGTGAAAACTTTCAAATTCAGAGAAACCCTGGAATTCAAAATGGGCAATCCTGAGCCAAATCCTTCTTTCCGAAAACAAAAAAAGAAAAGTTCAGAAAGTGAAAATCAAAAAAG,Eukaryota,Streptophyta,Magnoliopsida,Fabales,Fabaceae,Vicia,Vicia bungei,99.3,1,0,0,0,0,0,0,0,0,0,0,0,0,0,0,0,0,0,0,0,0,0,0,0,0,0,0,0,0,0,0,0,0,0,0,0,0,0,0,0,0,0,0,0,0,0,0,0,0,0,0,0,0,0,0,0,0,0,0,0,0,0,0,0,0,0,0,0,0,0,0,0,0,0,0,0,0,0,0,0,0,0,0,0,0,0,0,426,0,0,0,0,0,0,0,0,0,0,0,0,0,0,0,0,0,0,0,0,0,0,0,0,0,0,0,0
168,trnL,ESV_016389,GACTTGATCGAATTGAGCCTTGGTATGGAAACCTACCAAGTGATAGCTTCCAAATCCAGGGAACCCTGGGATGTTTTGAATGGGTAATCCTGAGCCAAATCCGGTTCATGAAGACAATGTTTCTTCTCCTAAGATAGGAAGGG,Eukaryota,Streptophyta,Pinopsida,Pinales,Pinaceae,Pinus,Pinus thunbergii,100,1,0,0,0,0,0,0,0,0,0,0,0,0,0,0,0,0,0,0,0,0,0,0,0,0,0,0,0,0,0,0,298,0,0,0,0,0,0,0,0,0,0,0,0,0,0,0,0,0,0,0,0,0,0,0,0,0,0,0,0,0,122,0,0,0,0,0,0,0,0,0,0,0,0,0,0,0,0,0,0,0,0,0,0,0,0,0,0,0,0,0,0,0,0,0,0,0,0,0,0,0,0,0,0,0,0,0,0,0,0,0,0,0,0,0,0
188,trnL,ESV_101772,GACTTAATTGAATTGAGCCTTGGTATGGAAACCTACTAAGTGACAACTTTCAAATTCAGAGAAACCCGGGAATTAAAAATGGGCAATCCTGAGCCAAATCCTATTTTACGAAAACCAACACCGGGGGGTTAGAAAGCGATAAAGAAAAAAG,Eukaryota,Streptophyta,Magnoliopsida,Myrtales,Onagraceae,Chamaenerion,Chamaenerion angustifolium,99.3,1,0,0,0,0,0,0,0,0,0,0,0,0,0,0,0,0,0,0,0,0,0,0,0,0,0,0,0,0,0,0,0,0,0,0,0,0,0,0,0,0,0,0,0,0,0,0,0,0,0,0,0,0,0,0,0,0,0,0,0,0,0,0,0,0,0,0,0,0,0,0,0,0,0,0,0,0,0,0,0,0,0,0,0,0,0,0,0,0,0,249,0,0,0,0,0,0,0,0,0,0,0,0,0,0,0,0,0,0,0,0,0,0,0,0,0
193,trnL,ESV_010481,GACTTAATTGGATTGAGCCTTGGTATGGAAACCTACGAAGTGACAACTTTCAAATTCAGAGAAACCCGGGAATTAAAAATGGGCAATCCTGAGCCAAATCCTATTTTACGAAAACCAACACCGGGGGAAAGCGAGAAAAAAAG,Eukaryota,Streptophyta,Magnoliopsida,Myrtales,Onagraceae,Oenothera,Oenothera lindheimeri,100,1,0,0,0,0,0,0,0,0,0,0,0,0,0,0,0,0,0,0,0,0,0,0,0,0,0,0,0,0,0,0,0,0,0,0,0,0,227,0,0,0,0,0,0,0,0,0,0,0,0,0,0,0,0,0,0,0,0,0,0,0,0,0,0,0,0,0,0,0,0,0,0,0,0,0,0,0,0,0,0,0,0,0,0,0,0,0,0,0,0,0,0,0,0,0,0,0,0,0,0,0,0,0,0,0,0,0,0,0,0,0,0,0,0,0,0
194,trnL,ESV_000044,GACTTAATTGAATTGAGCCTTGGTATGGAAACCTACTAAGTGACAACTTTCAAATTCAGAGAAACCCGGGAATTAAAAATGGGCAATCCTGAGCCAAATCCTATTTTACGAAAACCAACACCGGGGGGTTAGAAAGCGATAAAAAAAAAAAG,Eukaryota,Streptophyta,Magnoliopsida,Myrtales,Onagraceae,Chamaenerion,Chamaenerion conspersum,100,1,0,0,0,0,0,0,0,0,0,0,0,0,0,0,0,0,153,0,0,0,0,0,0,0,0,0,0,0,0,0,0,0,0,0,0,0,0,0,0,0,0,0,0,0,0,0,0,0,0,0,0,0,0,0,0,0,0,0,0,0,0,0,0,0,0,0,0,0,0,0,0,0,0,0,0,0,0,0,0,0,0,0,0,0,0,0,0,0,0,0,0,0,0,72,0,0,0,0,0,0,0,0,0,0,0,0,0,0,0,0,0,0,0,0,0
217,trnL,ESV_190836,GACTTAAACTTTTGAGCCTTAGTAGAAAAATTTACTAACTGTTAGTTTCCAGATTCAGGAAAATTTAAGTTGAAAAAATTATAAGTAATCCTGAGCCAAATTTTTTTTACCTTAAAAAAA,Eukaryota,Streptophyta,Bryopsida,Splachnales,Splachnaceae,Splachnum,Splachnum sphaericum,99.2,1,0,0,0,0,0,0,0,0,0,0,0,0,0,0,0,0,0,0,0,0,0,0,0,0,0,0,0,0,0,0,0,0,0,0,0,0,0,0,0,0,0,0,0,0,0,0,0,0,0,0,0,0,0,0,0,172,0,0,0,0,0,0,0,0,0,0,0,0,0,0,0,0,0,0,0,0,0,0,0,0,0,0,0,0,0,0,0,0,0,0,0,0,0,0,0,0,0,0,0,0,0,0,0,0,0,0,0,0,0,0,0,0,0,0,0
233,trnL,ESV_190847,GACTTAATTGGATTGAGCCTTGGTATGGAAACTTACCAAGTGAAAACTTTCAAATTCAGAGGAACCCTGGAATTCAAAATGGGCAATCCTGAGCCAAATCCTTCTTTCCGAAAACAAAAAAAGAAAAGTTCAGAAAGTGAAAATCAAAAAAG,Eukaryota,Streptophyta,Magnoliopsida,Fabales,Fabaceae,Vicia,Vicia bungei,99.3,1,0,0,0,0,0,0,0,0,0,0,0,0,0,0,0,0,0,0,0,0,0,0,0,0,0,0,0,0,0,0,0,0,0,0,0,0,0,0,0,0,0,0,0,0,0,0,0,0,0,0,0,152,0,0,0,0,0,0,0,0,0,0,0,0,0,0,0,0,0,0,0,0,0,0,0,0,0,0,0,0,0,0,0,0,0,0,0,0,0,0,0,0,0,0,0,0,0,0,0,0,0,0,0,0,0,0,0,0,0,0,0,0,0,0,0
236,trnL,ESV_000083,GACTTAATTGGATTGAGCCTTGGTATGGAAACCTACCAAGTGATAACTTTCAAATTCAGAGAAACCCTGGAATTAAAAATGGGCAATCCTGAGCCAAATCCTGTTTTATGAAAATAAACAAGGGTTTCATAAACCGAAAATAAAAAAG,Eukaryota,Streptophyta,Magnoliopsida,Rosales,Rosaceae,Osteomeles,Osteomeles anthyllidifolia,100,1,0,0,0,0,0,0,0,0,0,48,0,0,0,0,0,0,0,0,0,0,0,0,0,0,0,0,0,0,0,0,0,0,0,0,0,0,0,0,0,0,0,0,0,0,0,0,14,0,0,0,0,0,86,0,0,0,0,0,0,0,0,0,0,0,0,0,0,0,0,0,0,0,0,0,0,0,0,0,0,0,0,0,0,0,0,0,0,0,0,0,0,0,0,0,0,0,0,0,0,0,0,0,0,0,0,0,0,0,0,0,0,0,0,0,0
316,trnL,ESV_190652,GACTTAATTGGATTGAGCCTTGGTATGGAAACTTACCAAGTGAAAACTTTCAAATTCAGAGAAACCCTGGAATTCAAAATGGGCAATCCTGAGCCAAATCCTTCTTTCCGAGAACAAAAAAAGAAAAGTTCAGAAAGCGAAAATCAAAAAAG,Eukaryota,Streptophyta,Magnoliopsida,Fabales,Fabaceae,Vicia,Vicia bungei,98.7,1,0,0,0,0,0,0,0,0,0,0,0,0,0,0,0,0,0,0,0,0,0,0,0,0,0,0,0,0,0,0,0,0,0,0,0,0,0,0,0,0,0,0,0,0,0,0,0,0,0,0,0,0,0,0,0,0,0,0,0,0,0,0,0,0,0,0,0,0,0,0,0,0,0,0,0,0,0,0,0,0,0,0,0,0,0,0,0,0,0,0,0,0,0,0,0,0,0,0,88,0,0,0,0,0,0,0,0,0,0,0,0,0,0,0,0
340,trnL,ESV_190689,GACTTAATTGAATTGAGCCTTGGTATGGAAACCTACTAAGTGACAACTTTCAAATTCAGAGAAACCCGGGAATTAAAAATGGGCAATCCTGAGCTAAATCCTATTTTACGAAAACCAACACCGGGGGGTTAGAAAGCGATAAAAAAAAAGG,Eukaryota,Streptophyta,Magnoliopsida,Myrtales,Onagraceae,Chamaenerion,Chamaenerion angustifolium,98.7,1,0,0,0,0,0,0,0,0,0,0,0,0,0,0,0,0,0,0,0,0,0,0,0,0,0,0,0,0,0,0,0,0,0,0,0,0,0,0,0,0,0,0,0,0,0,0,0,0,0,0,0,0,0,0,0,0,0,0,0,0,0,0,0,0,0,0,0,0,0,0,0,0,0,0,0,0,0,0,0,0,0,0,0,0,0,0,0,0,0,0,0,0,0,0,78,0,0,0,0,0,0,0,0,0,0,0,0,0,0,0,0,0,0,0,0
341,trnL,ESV_190714,GACTTAATTGGGTTGAGCCTTGGTATGGAAACTTACCAAGTGAAAACTTTCAAATTCAGAGAAACCCTGGAACTCAAAATGGGCAATCCTGAGCCAAATCCTTCTTTCCGAAAACAAAAAAAGAAAAGTTCAGAAAGTGAAAATCAAAAAAG,Eukaryota,Streptophyta,Magnoliopsida,Fabales,Fabaceae,Vicia,Vicia bungei,98.7,1,0,0,0,0,0,0,0,0,0,0,0,0,0,0,0,0,0,0,0,0,0,0,0,0,0,0,0,0,0,0,0,0,0,0,0,0,0,0,0,0,0,0,0,0,0,0,0,0,0,0,0,0,0,0,0,0,0,0,0,0,0,0,0,0,0,0,0,0,0,0,0,0,0,0,0,0,0,0,0,0,0,0,0,0,0,0,78,0,0,0,0,0,0,0,0,0,0,0,0,0,0,0,0,0,0,0,0,0,0,0,0,0,0,0,0
347,trnL,ESV_156577,GACTTAATTGGATTGAGCCTTGGTATGGAAGCTTACCAAGTGAAAACTTTCAAATTCAGAGAAACCCTGGAATTCAAAATGGGCAATCCTGAGCCAAATCCTTCTTTCCGAAAACAAAAAAAGAAAAGTTCAGAAAGTGAAAATCAAAAAAG,Eukaryota,Streptophyta,Magnoliopsida,Fabales,Fabaceae,Vicia,Vicia bungei,99.3,1,0,0,0,75,0,0,0,0,0,0,0,0,0,0,0,0,0,0,0,0,0,0,0,0,0,0,0,0,0,0,0,0,0,0,0,0,0,0,0,0,0,0,0,0,0,0,0,0,0,0,0,0,0,0,0,0,0,0,0,0,0,0,0,0,0,0,0,0,0,0,0,0,0,0,0,0,0,0,0,0,0,0,0,0,0,0,0,0,0,0,0,0,0,0,0,0,0,0,0,0,0,0,0,0,0,0,0,0,0,0,0,0,0,0,0
376,trnL,ESV_000376,GACTTAATTGGATTGAGCCTTGGTATGGAAACCTACCAAGTGATAACTTTCAAATTCAGAGAAACCCTGGAATTAATAATGGGCAATCCTGAGCCAAATCCAGTTTTCTGACTCTGAAAACAAACAAGGGTTCAGAAAGCAATAAAAG,Eukaryota,Streptophyta,Magnoliopsida,Rosales,Elaeagnaceae,Elaeagnus,Elaeagnus commutata,100,1,0,0,0,0,0,0,0,0,0,0,0,0,0,0,0,0,0,0,0,0,0,0,0,0,0,0,0,0,0,0,0,0,0,0,0,0,0,0,0,0,0,0,0,0,0,0,0,0,0,0,0,0,0,0,0,0,0,0,0,0,0,0,0,0,0,0,0,0,0,0,0,0,0,0,0,0,0,0,0,0,0,0,0,0,0,0,0,0,0,0,0,0,0,0,0,0,0,64,0,0,0,0,0,0,0,0,0,0,0,0,0,0,0,0,0
397,trnL,ESV_190773,GACTTAATTGGATTGAGCCTTGGTATGGAAACTTACCAAGTGAAAACTTTCAAATTCGGAGAAACCCTGAAATTCAAAATGGGCAATCCTGAGCCAAATCCTTCTTTCCGAAAACAAAAAAAGAAAAGTTCAGAAAGTGAAAATCAAAAAAG,Eukaryota,Streptophyta,Magnoliopsida,Fabales,Fabaceae,Vicia,Vicia bungei,98.7,1,0,0,0,0,0,0,0,0,0,0,0,0,0,0,0,0,0,0,0,0,0,0,0,0,0,0,0,0,0,0,0,0,0,0,0,0,0,0,0,0,0,0,0,0,0,0,0,0,0,0,0,0,0,0,0,0,0,0,0,0,0,0,0,0,0,0,0,0,0,0,55,0,0,0,0,0,0,0,0,0,0,0,0,0,0,0,0,0,0,0,0,0,0,0,0,0,0,0,0,0,0,0,0,0,0,0,0,0,0,0,0,0,0,0,0
414,trnL,ESV_190848,GACTTAATTGGATTGAGCCTTGGTATGGAAACTTACCAGGTGAAAACTTTCAAATTCAGAGAAACCCTGGAATTCAAAATGGGCAATCCTGAGCCAAATCCTTCTTTCCGAAAACAAAAAAAGAAAAGTTCAGAAAGTGAAAATCAAAAAAG,Eukaryota,Streptophyta,Magnoliopsida,Fabales,Fabaceae,Vicia,Vicia bungei,99.3,1,0,0,0,0,0,0,0,0,0,0,0,0,0,0,0,0,0,0,0,0,0,0,0,0,0,0,0,0,0,0,0,0,0,0,0,0,0,0,0,0,0,0,0,0,0,0,0,0,0,0,0,52,0,0,0,0,0,0,0,0,0,0,0,0,0,0,0,0,0,0,0,0,0,0,0,0,0,0,0,0,0,0,0,0,0,0,0,0,0,0,0,0,0,0,0,0,0,0,0,0,0,0,0,0,0,0,0,0,0,0,0,0,0,0,0
419,trnL,ESV_076789,GACTTGATTGGATTGAGCCTTAGTATGGAAACCTGCTAAGTGAAAACTTCCAAATTCAGAGAAACCCTGGAACTAAAAATGGGCAATCCTGAGCCAAATCTTTATTTTTTGAAAAACAAGGTTTTAAAAAATAGAATAAAAAGA,Eukaryota,Streptophyta,Magnoliopsida,Asparagales,Amaryllidaceae,Allium,Allium sativum,99.3,1,0,0,0,0,0,0,0,0,0,0,0,0,0,0,0,0,0,0,0,0,0,0,0,0,0,0,0,0,0,0,0,0,0,0,0,0,0,0,0,0,0,0,0,0,0,51,0,0,0,0,0,0,0,0,0,0,0,0,0,0,0,0,0,0,0,0,0,0,0,0,0,0,0,0,0,0,0,0,0,0,0,0,0,0,0,0,0,0,0,0,0,0,0,0,0,0,0,0,0,0,0,0,0,0,0,0,0,0,0,0,0,0,0,0,0
439,trnL,ESV_190849,GACCTAATTGGATTGAGCCTTGGTATGGAAACTTACCAAGTGAAAACTTTCAAATTCAGAGAAACCCTGGAATTCAAAATGGGCAATCCTGAGCCAAATCCTTCTTTCCGAAAACAAAAAAAGAAAAGTTCAGAAAGTGAAAATCAAAAAAG,Eukaryota,Streptophyta,Magnoliopsida,Fabales,Fabaceae,Vicia,Vicia bungei,99.3,1,0,0,0,0,0,0,0,0,0,0,0,0,0,0,0,0,0,0,0,0,0,0,0,0,0,0,0,0,0,0,0,0,0,0,0,0,0,0,0,0,0,0,0,0,0,0,0,0,0,0,0,46,0,0,0,0,0,0,0,0,0,0,0,0,0,0,0,0,0,0,0,0,0,0,0,0,0,0,0,0,0,0,0,0,0,0,0,0,0,0,0,0,0,0,0,0,0,0,0,0,0,0,0,0,0,0,0,0,0,0,0,0,0,0,0
443,trnL,ESV_058842,GACTTGATTGTATTGAGCCTTGGTATGGAAACCTGCTAAGTGGTAACTTCCAAATTCAGAGAAACCCTGGAATTAAAAAAGGGCAATCCTGAGCCAAATCCGTGTTTTGAGAAAACAAGGGGTTTCTCGAACTAGAATACAAAGGAAAAG,Eukaryota,Streptophyta,Magnoliopsida,Poales,Poaceae,Pseudophleum,Pseudophleum gibbum,100,1,0,0,0,0,0,0,0,0,0,0,0,0,0,0,0,0,0,0,0,0,0,0,0,0,0,0,0,0,0,0,0,0,0,0,0,0,0,0,0,0,0,0,0,0,0,0,0,0,0,0,0,0,0,0,0,0,0,0,0,0,0,0,0,0,0,0,0,0,0,0,0,0,0,0,0,0,0,0,0,0,0,0,0,0,0,0,0,0,0,0,0,0,0,0,0,0,0,0,46,0,0,0,0,0,0,0,0,0,0,0,0,0,0,0,0
452,trnL,ESV_191049,GACTTAATTGGATTGAGCCTTGGTATGGAAACTTACCAAGTGAAAACTTTCAAATTCAGAGAAACCCTGGAATTCAAAATGGGCAATCCTGAGCCAAATCCTTCTTATCGAAAACAAAAAAAGAAAAGTTCAGAAAGTGAAAATCAAAAAAG,Eukaryota,Streptophyta,Magnoliopsida,Fabales,Fabaceae,Vicia,Vicia bungei,98.7,1,0,0,0,44,0,0,0,0,0,0,0,0,0,0,0,0,0,0,0,0,0,0,0,0,0,0,0,0,0,0,0,0,0,0,0,0,0,0,0,0,0,0,0,0,0,0,0,0,0,0,0,0,0,0,0,0,0,0,0,0,0,0,0,0,0,0,0,0,0,0,0,0,0,0,0,0,0,0,0,0,0,0,0,0,0,0,0,0,0,0,0,0,0,0,0,0,0,0,0,0,0,0,0,0,0,0,0,0,0,0,0,0,0,0,0
453,trnL,ESV_191028,GACTTAATTGGATTGAGCCTTGGTATGGAAACCTACTAAGTGACAACTTTCAAATTCAGAGAAACCCGGGAATTAGAAATGGGCAATCCTGAGCCAAATCCTATTTTACGAAAACTAACACCGGGGGGGTTAGAAAGCGAGAAAAAAGAAG,Eukaryota,Streptophyta,Magnoliopsida,Myrtales,Onagraceae,Chamaenerion,Chamaenerion latifolium,98.7,1,0,0,0,0,0,0,0,0,0,0,0,44,0,0,0,0,0,0,0,0,0,0,0,0,0,0,0,0,0,0,0,0,0,0,0,0,0,0,0,0,0,0,0,0,0,0,0,0,0,0,0,0,0,0,0,0,0,0,0,0,0,0,0,0,0,0,0,0,0,0,0,0,0,0,0,0,0,0,0,0,0,0,0,0,0,0,0,0,0,0,0,0,0,0,0,0,0,0,0,0,0,0,0,0,0,0,0,0,0,0,0,0,0,0,0
457,trnL,ESV_190690,GACTTAATTGAATTGAGCCTTGGTATGGAAACCTACTAAGTGACAACTTTCAAATTCAGAGAAACCCGGGAATTAAAAATGGGCAATCCTGAGCCAAATCCTATTTTACGAAAACCAACACCGGGGGGTTAGAAAGCGATAAAAAAAAAAGG,Eukaryota,Streptophyta,Magnoliopsida,Myrtales,Onagraceae,Chamaenerion,Chamaenerion angustifolium,100,1,0,0,0,0,0,0,0,0,0,0,0,0,0,0,0,0,0,0,0,0,0,0,0,0,0,0,0,0,0,0,0,0,0,0,0,0,0,0,0,0,0,0,0,0,0,0,0,0,0,0,0,0,0,0,0,0,0,0,0,0,0,0,0,0,0,0,0,0,0,0,0,0,0,0,0,0,0,0,0,0,0,0,0,0,0,0,0,0,0,0,0,0,0,0,44,0,0,0,0,0,0,0,0,0,0,0,0,0,0,0,0,0,0,0,0
485,trnL,ESV_190701,GACTTAATTGAATTGAGCCTTGGTATGGAAACCTACTAAGTGACAACTTTCAAATTCAGAGAAACCCGGGAACTAAAAATGGGCAATCCTGAGCCAAATCCTATTTTACGAAAACCAACACCGGGGGGTTAGAAAGCGATAAAGAAAAAAG,Eukaryota,Streptophyta,Magnoliopsida,Myrtales,Onagraceae,Chamaenerion,Chamaenerion angustifolium,98.7,1,0,0,0,0,0,0,0,0,0,0,0,0,0,0,0,0,0,0,0,0,0,0,0,0,0,0,0,0,0,0,0,0,0,0,0,0,0,0,0,0,0,0,0,0,0,0,0,0,0,0,0,0,0,0,0,0,0,0,0,0,0,0,0,0,0,0,0,0,0,0,0,0,0,0,0,0,0,0,0,0,0,0,0,0,0,0,0,0,0,38,0,0,0,0,0,0,0,0,0,0,0,0,0,0,0,0,0,0,0,0,0,0,0,0,0
491,trnL,ESV_014832,GACTTAATTGGATTGAGCCTTGGTATGGAAACTTACTAAGTGATAACTTTCAAATTCAGAGAAACCCTGGAATTAATAAAAATGGGCAATCCTGAGCCAAATCACGTTTTCCGAAAACAAACGAAGGTTCAGAAAGCGAAAATAAAAAAG,Eukaryota,Streptophyta,Magnoliopsida,Asterales,Asteraceae,Leontodon,Leontodon hispidus,100,1,0,0,0,0,0,0,0,0,0,0,0,0,0,0,0,0,0,0,0,0,0,0,0,0,0,0,0,0,0,0,0,0,0,0,0,0,0,0,0,0,37,0,0,0,0,0,0,0,0,0,0,0,0,0,0,0,0,0,0,0,0,0,0,0,0,0,0,0,0,0,0,0,0,0,0,0,0,0,0,0,0,0,0,0,0,0,0,0,0,0,0,0,0,0,0,0,0,0,0,0,0,0,0,0,0,0,0,0,0,0,0,0,0,0,0
521,trnL,ESV_000301,GACTTAATTGGATTGAGCCTTGGTATGGAAACCTACTAACGTGCCAACTTTCAAATTCAGAGAAACCCGGGAATTCTAACATGGGCAATCCTGAGCCAAATCCTATTTTAGGAAAACCAGCACCGGGGGTTTAGAAAGGACCGGGGGTTTAGAAAGCGATCAAAAAACAAG,Eukaryota,Streptophyta,Magnoliopsida,Myrtales,Onagraceae,Epilobium,Epilobium anagallidifolium,88.3,1,0,0,0,0,0,0,0,0,0,0,0,0,0,0,0,0,0,0,0,0,0,0,0,0,0,0,0,0,0,0,0,0,0,0,0,0,0,0,0,0,0,0,0,0,0,0,0,0,0,0,0,0,0,0,0,0,0,0,0,0,0,0,0,0,0,0,0,0,0,0,0,0,0,0,0,0,0,0,0,0,0,0,0,0,0,0,0,0,0,0,0,0,0,0,0,0,0,34,0,0,0,0,0,0,0,0,0,0,0,0,0,0,0,0,0
531,trnL,ESV_190720,GACTTAATTGGATTGAGCCTTGGTATGGAAACTTACCAAGTGAAAACTTTCAAATTCAGAGAAACCCTGGAATTCAAAATGGGCAATCCTGAGCCAAATCCTTCTTTCCGAAAACAAAAAAAGACAAGTTCAAAAAGTGAAAATCAAAAAAG,Eukaryota,Streptophyta,Magnoliopsida,Fabales,Fabaceae,Vicia,Vicia bungei,98.7,1,0,0,0,0,0,0,0,0,0,0,0,0,0,0,0,0,0,0,0,0,0,0,0,0,0,0,0,0,0,0,0,0,0,0,0,0,0,0,0,0,0,0,0,0,0,0,0,0,0,0,0,0,0,0,0,0,0,0,0,0,0,0,0,0,0,0,0,0,0,0,0,0,0,0,0,0,0,0,0,0,0,0,0,0,0,32,0,0,0,0,0,0,0,0,0,0,0,0,0,0,0,0,0,0,0,0,0,0,0,0,0,0,0,0,0
532,trnL,ESV_191050,GACTTAATTGGATTGAGCCTTGGTATAGAAACTTACCAAGTGAAAACTTTCAAATTCAGAGAAACCCTGGAATTCAAAATGGGCAATCCTGAGCCAAATCCTTCTTACCGAAAACAAAAAAAGAAAAGTTCAGAAAGTGAAAATCAAAAAAG,Eukaryota,Streptophyta,Magnoliopsida,Fabales,Fabaceae,Vicia,Vicia bungei,98.7,1,0,0,0,31,0,0,0,0,0,0,0,0,0,0,0,0,0,0,0,0,0,0,0,0,0,0,0,0,0,0,0,0,0,0,0,0,0,0,0,0,0,0,0,0,0,0,0,0,0,0,0,0,0,0,0,0,0,0,0,0,0,0,0,0,0,0,0,0,0,0,0,0,0,0,0,0,0,0,0,0,0,0,0,0,0,0,0,0,0,0,0,0,0,0,0,0,0,0,0,0,0,0,0,0,0,0,0,0,0,0,0,0,0,0,0
539,trnL,ESV_190691,GACTTAATTGAATTGAGCCTTGGTATGGAAACCTACTAAGTGACAACTTTCAAATTCAGAGAAACCCGGGAATTAAAAATGGGCAATCCTGAGCCAAATCCTATTTTACGAAAACCAACACCGGGGGGTTAGACAGCGATAAAAAAAAAGG,Eukaryota,Streptophyta,Magnoliopsida,Myrtales,Onagraceae,Chamaenerion,Chamaenerion angustifolium,98.7,1,0,0,0,0,0,0,0,0,0,0,0,0,0,0,0,0,0,0,0,0,0,0,0,0,0,0,0,0,0,0,0,0,0,0,0,0,0,0,0,0,0,0,0,0,0,0,0,0,0,0,0,0,0,0,0,0,0,0,0,0,0,0,0,0,0,0,0,0,0,0,0,0,0,0,0,0,0,0,0,0,0,0,0,0,0,0,0,0,0,0,0,0,0,0,31,0,0,0,0,0,0,0,0,0,0,0,0,0,0,0,0,0,0,0,0
560,trnL,ESV_133279,GACTTAATTGGATTGAGCCTTGGTATGGAAACCTACTAAGTGAGAACTTTCAAATTCAGAGAAACCCCGGAATTAATAAAAATGGGCAATCCTGAGCCAAATCCTATTTTCCAAAAACAAACAAAGGCCCAGAAGGTGAAAGAAG,Eukaryota,Streptophyta,Magnoliopsida,Apiales,Apiaceae,Crithmum,Crithmum maritimum,100,1,0,0,0,0,0,0,0,0,0,0,0,0,0,0,0,0,0,0,0,0,0,0,0,0,0,0,0,0,0,0,0,0,0,0,0,0,0,0,0,0,0,0,0,0,0,0,0,0,0,28,0,0,0,0,0,0,0,0,0,0,0,0,0,0,0,0,0,0,0,0,0,0,0,0,0,0,0,0,0,0,0,0,0,0,0,0,0,0,0,0,0,0,0,0,0,0,0,0,0,0,0,0,0,0,0,0,0,0,0,0,0,0,0,0,0
565,trnL,ESV_191030,GACTTAATTGGATTGAGCCTTGGTATGGAAACCTACTAAGTGACAACTTTCAAATTTAGAGAAACCCGGGAATTAGAAATGGGCAATCCTGAGCCAAATCCTATTTTACGAAAACCAACACCGGGGGGGTTAGAAAGCGAGAAAAAAGAAG,Eukaryota,Streptophyta,Magnoliopsida,Myrtales,Onagraceae,Chamaenerion,Chamaenerion latifolium,98.7,1,0,0,0,0,0,0,0,0,0,0,0,27,0,0,0,0,0,0,0,0,0,0,0,0,0,0,0,0,0,0,0,0,0,0,0,0,0,0,0,0,0,0,0,0,0,0,0,0,0,0,0,0,0,0,0,0,0,0,0,0,0,0,0,0,0,0,0,0,0,0,0,0,0,0,0,0,0,0,0,0,0,0,0,0,0,0,0,0,0,0,0,0,0,0,0,0,0,0,0,0,0,0,0,0,0,0,0,0,0,0,0,0,0,0,0
574,trnL,ESV_190706,GACTTAATTGGATTGAGCCTTGGTATGGAAACCTACCAAGTGATAACTTTCAAATTCAGAGAAACCCTGGAATTAATAAAAATGGGCAATCCTGAGCCAAATCCTGTTTTCGAAAATAAACAAAGATTCAGAAAGCGAAAATAAGAAAAG,Eukaryota,Streptophyta,Magnoliopsida,Ericales,Sapotaceae,Micropholis,Micropholis guyanensis,100,1,0,0,0,0,0,0,0,0,0,0,0,0,0,0,0,0,0,0,0,0,0,0,0,0,0,0,0,0,0,0,0,0,0,0,0,0,0,0,0,0,0,0,0,0,0,0,0,0,0,0,0,0,0,0,0,0,0,0,0,0,0,0,0,0,0,0,0,0,0,0,0,0,0,0,0,0,0,0,0,0,0,0,0,0,0,0,0,26,0,0,0,0,0,0,0,0,0,0,0,0,0,0,0,0,0,0,0,0,0,0,0,0,0,0,0
578,trnL,ESV_191051,GACTTAATTGGATTGAGCCTTGGTATGGAAACTTACCAAGTGAAAACTTTCAAATTCAGAGAAACCCTGGAATTCAAAATGGGCAATCCTGAGCCAAATCCTTCTTACCGAAAACAAAAAGAGAAAAGTTCAGAAAGTGAAAATCAAAAAAG,Eukaryota,Streptophyta,Magnoliopsida,Fabales,Fabaceae,Vicia,Vicia bungei,98.7,1,0,0,0,25,0,0,0,0,0,0,0,0,0,0,0,0,0,0,0,0,0,0,0,0,0,0,0,0,0,0,0,0,0,0,0,0,0,0,0,0,0,0,0,0,0,0,0,0,0,0,0,0,0,0,0,0,0,0,0,0,0,0,0,0,0,0,0,0,0,0,0,0,0,0,0,0,0,0,0,0,0,0,0,0,0,0,0,0,0,0,0,0,0,0,0,0,0,0,0,0,0,0,0,0,0,0,0,0,0,0,0,0,0,0,0
587,trnL,ESV_191052,GACTTAATTGGATTGAGCCTTGGTATGGAAACTTACCAAGTGAAAACTTTCAAATTCAGAGAAACCCTGGAATTCAAAATGGGCAATCCTGAGCCAAATCCTTCTTTCCAAAAACAAAAAAAGAAAAGTTCAGAAAGTGAAAATCAAAAAAG,Eukaryota,Streptophyta,Magnoliopsida,Fabales,Fabaceae,Vicia,Vicia bungei,99.3,1,0,0,0,24,0,0,0,0,0,0,0,0,0,0,0,0,0,0,0,0,0,0,0,0,0,0,0,0,0,0,0,0,0,0,0,0,0,0,0,0,0,0,0,0,0,0,0,0,0,0,0,0,0,0,0,0,0,0,0,0,0,0,0,0,0,0,0,0,0,0,0,0,0,0,0,0,0,0,0,0,0,0,0,0,0,0,0,0,0,0,0,0,0,0,0,0,0,0,0,0,0,0,0,0,0,0,0,0,0,0,0,0,0,0,0
588,trnL,ESV_191053,GACTTAATTGAATTGAGCCTTGGTATGGAAACTTACCAAGTGAAAACTTTCAAATTCAGAGAAACCCTGGAATTCAAAATGGGCAATCCTGAGCCAAATCCTTCTTACCGAAAACAAAAAAAGAAAAGTTCAGAAAGTGAAAATCAAAAAAG,Eukaryota,Streptophyta,Magnoliopsida,Fabales,Fabaceae,Vicia,Vicia bungei,98.7,1,0,0,0,24,0,0,0,0,0,0,0,0,0,0,0,0,0,0,0,0,0,0,0,0,0,0,0,0,0,0,0,0,0,0,0,0,0,0,0,0,0,0,0,0,0,0,0,0,0,0,0,0,0,0,0,0,0,0,0,0,0,0,0,0,0,0,0,0,0,0,0,0,0,0,0,0,0,0,0,0,0,0,0,0,0,0,0,0,0,0,0,0,0,0,0,0,0,0,0,0,0,0,0,0,0,0,0,0,0,0,0,0,0,0,0
593,trnL,ESV_190692,GACTTAATTGAATTGAGCCTTGGTATGGAAACCTACTAAGTGACAACCTTCAAATTCAGAGAAACCCGGGAATTAAAAATGGGCAATCCTGAGCCAAATCCTATTTTACGAAAACCAACACCGGGGGGTTAGAAAGCGATAAAAAAAAAGG,Eukaryota,Streptophyta,Magnoliopsida,Myrtales,Onagraceae,Chamaenerion,Chamaenerion angustifolium,98.7,1,0,0,0,0,0,0,0,0,0,0,0,0,0,0,0,0,0,0,0,0,0,0,0,0,0,0,0,0,0,0,0,0,0,0,0,0,0,0,0,0,0,0,0,0,0,0,0,0,0,0,0,0,0,0,0,0,0,0,0,0,0,0,0,0,0,0,0,0,0,0,0,0,0,0,0,0,0,0,0,0,0,0,0,0,0,0,0,0,0,0,0,0,0,0,24,0,0,0,0,0,0,0,0,0,0,0,0,0,0,0,0,0,0,0,0
595,trnL,ESV_191072,GACTTAATTGGATTGAGCCTTGGTATGGAAACTTACCAAGTGAAAACTTTCAAATTCAGAGAAACCCTGGAATTCAAAATGGGCAATCCTGAGCCAAATCCTTCTTTCCGAAAACAAAAAAAGAAGAGTTCAGGAAGTGAAAATCAAAAAAG,Eukaryota,Streptophyta,Magnoliopsida,Fabales,Fabaceae,Vicia,Vicia bungei,98.7,1,23,0,0,0,0,0,0,0,0,0,0,0,0,0,0,0,0,0,0,0,0,0,0,0,0,0,0,0,0,0,0,0,0,0,0,0,0,0,0,0,0,0,0,0,0,0,0,0,0,0,0,0,0,0,0,0,0,0,0,0,0,0,0,0,0,0,0,0,0,0,0,0,0,0,0,0,0,0,0,0,0,0,0,0,0,0,0,0,0,0,0,0,0,0,0,0,0,0,0,0,0,0,0,0,0,0,0,0,0,0,0,0,0,0,0
609,trnL,ESV_190862,GACTTAATTGGATTGAGCCTTGGTATGGAAACCTACTAAGTGATAACTTTCAAATTCAGAGAAACCCTGGAATGAAAAATGGGCAATCCTGAGCCAAATCCTATTATTTTACGAAAATAAACATAAACAAAGGTTCAGCAAGCGAGAATAATAAAAGAGGAAAG,Eukaryota,Streptophyta,Magnoliopsida,Malvales,Malvaceae,Hibiscus,Hibiscus calyphyllus,99.4,1,0,0,0,0,0,0,0,0,0,0,0,0,0,0,0,0,0,0,0,0,0,0,0,0,0,0,0,0,0,0,0,0,0,0,0,0,0,0,0,0,0,0,0,0,0,0,0,22,0,0,0,0,0,0,0,0,0,0,0,0,0,0,0,0,0,0,0,0,0,0,0,0,0,0,0,0,0,0,0,0,0,0,0,0,0,0,0,0,0,0,0,0,0,0,0,0,0,0,0,0,0,0,0,0,0,0,0,0,0,0,0,0,0,0,0
638,trnL,ESV_190910,GACTTAATTGGATTGAGCCTTGGTATGGAAACCTACCAAGTGATAACTTTCAAATTCAGAGAAACCCTGGAATTAAAAATGGGCAATCCTGAGCCAAATCCTATTTTACGAAAACCAACACCGGGGGAAAGCGAGAAAAAAAG,Eukaryota,Streptophyta,Magnoliopsida,Myrtales,Onagraceae,Oenothera,Oenothera lindheimeri,97.9,1,0,0,0,0,0,0,0,0,0,0,0,0,0,0,0,0,0,0,0,0,0,0,0,0,0,0,0,0,0,0,0,0,0,0,0,0,20,0,0,0,0,0,0,0,0,0,0,0,0,0,0,0,0,0,0,0,0,0,0,0,0,0,0,0,0,0,0,0,0,0,0,0,0,0,0,0,0,0,0,0,0,0,0,0,0,0,0,0,0,0,0,0,0,0,0,0,0,0,0,0,0,0,0,0,0,0,0,0,0,0,0,0,0,0,0
675,trnL,ESV_190863,GACTTAATTGGATTGAGCCTTGGTATGGAAACCTACTAAGTGATAACTTTCAAATTCAGAGAAACCCTGGAATGAAAAATGGGCAATCCTGAGCCAAATCCTATTATTTTACGAAAATAAACATAAACAAAGGTTCAGCAAGCGAGAATAATAAAAAAGGAAAA,Eukaryota,Streptophyta,Magnoliopsida,Malvales,Malvaceae,Hibiscus,Hibiscus calyphyllus,99.4,1,0,0,0,0,0,0,0,0,0,0,0,0,0,0,0,0,0,0,0,0,0,0,0,0,0,0,0,0,0,0,0,0,0,0,0,0,0,0,0,0,0,0,0,0,0,0,0,17,0,0,0,0,0,0,0,0,0,0,0,0,0,0,0,0,0,0,0,0,0,0,0,0,0,0,0,0,0,0,0,0,0,0,0,0,0,0,0,0,0,0,0,0,0,0,0,0,0,0,0,0,0,0,0,0,0,0,0,0,0,0,0,0,0,0,0
724,trnL,ESV_030136,GACTTAATTGGATTGAGCCTTGGTATGGAAACCTACCAAGTGATAACTTTCAAATTCAGAGAAACCCTGGAATTAAAAATGGGCAATCCTGAGCCAAATCCCGTTTTATGAAAACAAACAAGGATTTCACAAAGCGAAAATAAATAAAG,Eukaryota,Streptophyta,Magnoliopsida,Rosales,Rosaceae,Sanguisorba,Sanguisorba sitchensis,100,1,0,0,0,0,0,0,0,0,0,0,0,0,0,0,0,0,0,0,0,0,0,0,0,0,0,0,0,0,0,0,0,0,0,0,0,0,0,0,0,0,0,0,0,0,0,0,0,0,0,0,0,0,14,0,0,0,0,0,0,0,0,0,0,0,0,0,0,0,0,0,0,0,0,0,0,0,0,0,0,0,0,0,0,0,0,0,0,0,0,0,0,0,0,0,0,0,0,0,0,0,0,0,0,0,0,0,0,0,0,0,0,0,0,0,0
729,trnL,ESV_190833,GACTTAATTGGATTGAGCCTTGGTATGGAAACCTACGAAGTGACAACTTTTAAATTCAGAGAAACCCGGGAATAAAAAATGGGCAATCCTGAGCCAAATCCTATTTTACGAAAACCAACACCGGGGGTTTAGAAAACGAGAAAAAAAG,Eukaryota,Streptophyta,Magnoliopsida,Myrtales,Onagraceae,Oenothera,Oenothera curtiflora,98.6,1,0,0,0,0,0,0,0,0,0,0,0,0,0,0,0,0,0,0,0,0,0,0,0,0,0,0,0,0,0,0,0,0,0,0,0,0,0,0,0,0,0,0,0,0,0,0,0,0,0,0,0,0,0,0,0,0,0,14,0,0,0,0,0,0,0,0,0,0,0,0,0,0,0,0,0,0,0,0,0,0,0,0,0,0,0,0,0,0,0,0,0,0,0,0,0,0,0,0,0,0,0,0,0,0,0,0,0,0,0,0,0,0,0,0,0
754,trnL,ESV_190716,GACTTAATTGGGTTGAGCCTTGGTATGGAAACTTACCAAGTGAAAACTTTCAAATTCAGAGAAACCCTGGAATTCAAAATGGGCAATCCTGAGCCAAATCCTTCTTTCCGAAAACAAAAAAAGAAAAGTTCAGGAAGTGAAAATCAAAAAAG,Eukaryota,Streptophyta,Magnoliopsida,Fabales,Fabaceae,Vicia,Vicia bungei,98.7,1,0,0,0,0,0,0,0,0,0,0,0,0,0,0,0,0,0,0,0,0,0,0,0,0,0,0,0,0,0,0,0,0,0,0,0,0,0,0,0,0,0,0,0,0,0,0,0,0,0,0,0,0,0,0,0,0,0,0,0,0,0,0,0,0,0,0,0,0,0,0,0,0,0,0,0,0,0,0,0,0,0,0,0,0,0,0,13,0,0,0,0,0,0,0,0,0,0,0,0,0,0,0,0,0,0,0,0,0,0,0,0,0,0,0,0
760,trnL,ESV_108279,GACTTAATTGGATTGAGCCTTGGTATGGAAACTTACCAAGTGAAAACTTTCAAATTCAGAGAAACCCTGGAATTCAAAATGGGCAATCCTGGGCCAAATCCTTCTTTCCGAAAACAAAAAAAGAAAAGTTCAGAAAGTGAAAATCAAAAAAG,Eukaryota,Streptophyta,Magnoliopsida,Fabales,Fabaceae,Vicia,Vicia bungei,99.3,1,0,0,0,12,0,0,0,0,0,0,0,0,0,0,0,0,0,0,0,0,0,0,0,0,0,0,0,0,0,0,0,0,0,0,0,0,0,0,0,0,0,0,0,0,0,0,0,0,0,0,0,0,0,0,0,0,0,0,0,0,0,0,0,0,0,0,0,0,0,0,0,0,0,0,0,0,0,0,0,0,0,0,0,0,0,0,0,0,0,0,0,0,0,0,0,0,0,0,0,0,0,0,0,0,0,0,0,0,0,0,0,0,0,0,0
766,trnL,ESV_190961,GACTTAATTGGATTGAGCCTTGGTATGGAAACTTACCAAGTGAAAACTTTCAAGTTCAGAGAAACCCTGGAATTCAAAATGGGCAATCCTGAGCCAAATCCTTCTTTCCGAAAACAAAAAAGGAAAAGTTCAGAAAGTGAAAATCAAAAAAA,Eukaryota,Streptophyta,Magnoliopsida,Fabales,Fabaceae,Vicia,Vicia bungei,98,1,0,0,0,0,0,0,0,0,0,0,0,0,0,0,0,0,0,0,0,0,0,0,0,0,0,0,12,0,0,0,0,0,0,0,0,0,0,0,0,0,0,0,0,0,0,0,0,0,0,0,0,0,0,0,0,0,0,0,0,0,0,0,0,0,0,0,0,0,0,0,0,0,0,0,0,0,0,0,0,0,0,0,0,0,0,0,0,0,0,0,0,0,0,0,0,0,0,0,0,0,0,0,0,0,0,0,0,0,0,0,0,0,0,0,0
832,trnL,ESV_190717,GACTTAATTGGGTCGAGCCTTGGTATGGAAACTTACCAAGTGAAAACTTTCAAATTCAGAGAAACCCTGGGACTCAAAATGGGCAATCCTGAGCCAAATCCTTCTTTCCGAAAACAAAAAAAGAAAAGTTCAGAAAGTGAAAATCAAAAAAG,Eukaryota,Streptophyta,Magnoliopsida,Fabales,Fabaceae,Vicia,Vicia bungei,97.4,1,0,0,0,0,0,0,0,0,0,0,0,0,0,0,0,0,0,0,0,0,0,0,0,0,0,0,0,0,0,0,0,0,0,0,0,0,0,0,0,0,0,0,0,0,0,0,0,0,0,0,0,0,0,0,0,0,0,0,0,0,0,0,0,0,0,0,0,0,0,0,0,0,0,0,0,0,0,0,0,0,0,0,0,0,0,0,10,0,0,0,0,0,0,0,0,0,0,0,0,0,0,0,0,0,0,0,0,0,0,0,0,0,0,0,0
